{"loss": [4.8743486404418945, 4.867585182189941, 4.868010997772217, 4.862560749053955, 4.857391357421875, 4.855632305145264, 4.860921382904053, 4.853917598724365, 4.848818302154541, 4.849493026733398], "accuracy": [0.0078125, 0.013020833022892475, 0.0078125, 0.015625, 0.02083333395421505, 0.013020833022892475, 0.01822916604578495, 0.0234375, 0.0390625, 0.01822916604578495], "val_loss": [4.873828887939453, 4.86823034286499, 4.869503498077393, 4.862487316131592, 4.86175012588501, 4.861959934234619, 4.857381820678711, 4.85106086730957, 4.8576836585998535, 4.8419952392578125], "val_accuracy": [0.0052083334885537624, 0.015625, 0.0364583320915699, 0.02083333395421505, 0.02083333395421505, 0.03125, 0.02604166604578495, 0.02083333395421505, 0.010416666977107525, 0.03125]}