{"loss": [0.9604560136795044, 0.24047315120697021, 0.13697683811187744, 0.10033006966114044, 0.07744000107049942, 0.0648687481880188, 0.0540103055536747, 0.046601664274930954, 0.03974810242652893, 0.03386441990733147, 0.029889533296227455, 0.025352653115987778, 0.022868433967232704, 0.019879773259162903, 0.016931921243667603, 0.01490269135683775, 0.012432077899575233, 0.01095759030431509, 0.010340907610952854, 0.007972999475896358, 0.007154369726777077, 0.006140800658613443, 0.005471454001963139, 0.0049800327979028225, 0.004233747720718384], "accuracy": [0.7188666462898254, 0.9297500252723694, 0.9592166543006897, 0.9698666930198669, 0.9771999716758728, 0.9805999994277954, 0.9839000105857849, 0.9867333173751831, 0.9884666800498962, 0.9902499914169312, 0.9914833307266235, 0.9933000206947327, 0.9937833547592163, 0.994700014591217, 0.9959166646003723, 0.9966166615486145, 0.996999979019165, 0.9976833462715149, 0.9976833462715149, 0.9987000226974487, 0.9986666440963745, 0.9991000294685364, 0.9991666674613953, 0.9991666674613953, 0.9993666410446167], "val_loss": [2.1007895469665527, 2.2155866622924805, 2.521399974822998, 2.826995372772217, 3.1722731590270996, 3.535703420639038, 3.8305094242095947, 4.18778133392334, 4.4512810707092285, 4.676510810852051, 4.886841297149658, 5.059927463531494, 5.189451694488525, 5.319128036499023, 5.417489528656006, 5.435884952545166, 5.530959129333496, 5.557315826416016, 5.628607273101807, 5.477978706359863, 5.222460746765137, 5.206882476806641, 4.904749393463135, 4.56604528427124, 4.206786155700684], "val_accuracy": [0.54830002784729, 0.11349999904632568, 0.11349999904632568, 0.11349999904632568, 0.11349999904632568, 0.11349999904632568, 0.11349999904632568, 0.11349999904632568, 0.11349999904632568, 0.11349999904632568, 0.11349999904632568, 0.11349999904632568, 0.11349999904632568, 0.11349999904632568, 0.11349999904632568, 0.11349999904632568, 0.11349999904632568, 0.11349999904632568, 0.11349999904632568, 0.11349999904632568, 0.11349999904632568, 0.11349999904632568, 0.11349999904632568, 0.1136000007390976, 0.11400000005960464]}