{"loss": [0.7508876919746399, 0.6622028350830078, 0.6031107902526855, 0.6054791808128357, 0.5836668014526367, 0.5404340624809265, 0.5037527680397034, 0.4534347951412201, 0.44569674134254456, 0.4525725245475769, 0.4435139000415802, 0.39977794885635376, 0.4056546092033386, 0.37855827808380127, 0.3155825436115265, 0.3356567323207855, 0.3357996344566345, 0.3340086340904236, 0.2816179692745209, 0.3160288333892822, 0.3009112477302551, 0.25242891907691956, 0.27001404762268066, 0.30050307512283325, 0.2558034360408783, 0.2780298590660095, 0.24837161600589752, 0.24254633486270905, 0.21706722676753998, 0.20371054112911224, 0.23688720166683197, 0.23408009111881256, 0.262052983045578, 0.21130584180355072, 0.19817869365215302, 0.19387651979923248, 0.19209842383861542, 0.2074275016784668, 0.21776030957698822, 0.18157006800174713, 0.22403866052627563, 0.23857907950878143, 0.17465150356292725, 0.1925967037677765, 0.21161265671253204, 0.21274295449256897, 0.17460684478282928, 0.15981461107730865, 0.1695536971092224, 0.16287362575531006, 0.1519058495759964, 0.17567212879657745, 0.17359080910682678, 0.15876665711402893, 0.1705322265625, 0.1421334594488144, 0.14726322889328003, 0.16930042207241058, 0.12152104079723358, 0.20082993805408478, 0.14791354537010193, 0.13967715203762054, 0.1456659734249115, 0.12384571135044098, 0.13877247273921967, 0.16437651216983795, 0.11175523698329926, 0.1620156466960907, 0.14010842144489288, 0.14932607114315033, 0.1661117523908615, 0.15225961804389954, 0.11365114897489548, 0.16004793345928192, 0.11450430750846863, 0.09936046600341797, 0.12800432741641998, 0.16746005415916443, 0.10253176838159561, 0.09924361854791641, 0.12704403698444366, 0.1190333440899849, 0.12733137607574463, 0.12595924735069275, 0.16016773879528046, 0.11386673152446747, 0.1431710422039032, 0.09269138425588608, 0.13067960739135742, 0.1136690229177475, 0.15586718916893005, 0.09975425899028778, 0.12794342637062073, 0.12291386723518372, 0.12416345626115799, 0.1051536574959755, 0.12179257720708847, 0.11014804989099503, 0.10391237586736679, 0.1285172998905182], "accuracy": [0.7599999904632568, 0.7893750071525574, 0.8012499809265137, 0.8143749833106995, 0.8212500214576721, 0.8193749785423279, 0.8393750190734863, 0.8450000286102295, 0.8531249761581421, 0.8581249713897705, 0.8550000190734863, 0.8743749856948853, 0.8799999952316284, 0.8812500238418579, 0.8981249928474426, 0.887499988079071, 0.8968750238418579, 0.8949999809265137, 0.9106249809265137, 0.8981249928474426, 0.8974999785423279, 0.9137499928474426, 0.918749988079071, 0.909375011920929, 0.9162499904632568, 0.9075000286102295, 0.925000011920929, 0.9212499856948853, 0.9225000143051147, 0.9318749904632568, 0.9237499833106995, 0.9268749952316284, 0.9162499904632568, 0.9368749856948853, 0.9325000047683716, 0.9424999952316284, 0.9418749809265137, 0.9331250190734863, 0.9231250286102295, 0.9431250095367432, 0.9350000023841858, 0.9268749952316284, 0.9481250047683716, 0.9337499737739563, 0.934374988079071, 0.9387500286102295, 0.9412500262260437, 0.9493749737739563, 0.9393749833106995, 0.949999988079071, 0.9543750286102295, 0.9474999904632568, 0.9506250023841858, 0.949999988079071, 0.949367105960846, 0.9549999833106995, 0.949999988079071, 0.9524999856948853, 0.9574999809265137, 0.9468749761581421, 0.9518749713897705, 0.9599999785423279, 0.9493749737739563, 0.9649999737739563, 0.9643750190734863, 0.9474999904632568, 0.9624999761581421, 0.949999988079071, 0.9518987536430359, 0.9593750238418579, 0.9518749713897705, 0.9537500143051147, 0.9643750190734863, 0.9506250023841858, 0.9606249928474426, 0.9662500023841858, 0.956250011920929, 0.9518749713897705, 0.9668750166893005, 0.965624988079071, 0.9599999785423279, 0.9612500071525574, 0.9606249928474426, 0.9662500023841858, 0.9549999833106995, 0.9674999713897705, 0.956250011920929, 0.971875011920929, 0.9574999809265137, 0.9712499976158142, 0.9612500071525574, 0.9643750190734863, 0.9618750214576721, 0.9637500047683716, 0.965624988079071, 0.9668750166893005, 0.9631249904632568, 0.9693750143051147, 0.9712499976158142, 0.9637500047683716], "val_loss": [0.3697093725204468, 0.30087897181510925, 0.4238360524177551, 0.3125566244125366, 0.3312421441078186, 0.24939148128032684, 0.23021012544631958, 0.2752877473831177, 0.2528783082962036, 0.20316652953624725, 0.1929721236228943, 0.404244601726532, 0.181203693151474, 0.17679908871650696, 0.1928517371416092, 0.11877112090587616, 0.12365126609802246, 0.1942766159772873, 0.3663870096206665, 0.12531785666942596, 0.14616480469703674, 0.391347736120224, 0.08572942763566971, 0.1348186433315277, 0.07631710171699524, 0.098141610622406, 0.21456478536128998, 0.10020134598016739, 0.08534624427556992, 0.12434700131416321, 0.10843196511268616, 0.13821327686309814, 0.10847494751214981, 0.07502714544534683, 0.10990627110004425, 0.06711597740650177, 0.09054660052061081, 0.10597972571849823, 0.47307804226875305, 0.1751023679971695, 0.07774389535188675, 0.12046254426240921, 0.11295917630195618, 0.06095457449555397, 0.051178112626075745, 0.050566449761390686, 0.0520227774977684, 0.04443216323852539, 0.07314588129520416, 0.08862532675266266, 0.06822195649147034, 0.14901871979236603, 0.028382446616888046, 0.05810553580522537, 0.0378355048596859, 0.06866324692964554, 0.10144481062889099, 0.04713743180036545, 0.042616166174411774, 0.05106784403324127, 0.05627043545246124, 0.04777590185403824, 0.09203428030014038, 0.028513647615909576, 0.04086372256278992, 0.13111110031604767, 0.12475774437189102, 0.034805648028850555, 0.05835980921983719, 0.026442300528287888, 0.06852218508720398, 0.08733697235584259, 0.0644230768084526, 0.04343558847904205, 0.0574745237827301, 0.09500393271446228, 0.04888292774558067, 0.03761642798781395, 0.03066663257777691, 0.046814437955617905, 0.05318062752485275, 0.28195488452911377, 0.042486175894737244, 0.029076499864459038, 0.033271197229623795, 0.08210381865501404, 0.012641200795769691, 0.019111163914203644, 0.03627495840191841, 0.15992502868175507, 0.02330918237566948, 0.0427541621029377, 0.020966893061995506, 0.02716991864144802, 0.01115147490054369, 0.03973420709371567, 0.024530915543437004, 0.01592787355184555, 0.04046357795596123, 0.03057730384171009],