{"loss": [9.09609603881836, 4.708600044250488, 3.7779157161712646, 3.3565211296081543, 3.128403425216675], "accuracy": [0.3948749899864197, 0.49125000834465027, 0.5138999819755554, 0.5223249793052673, 0.5216249823570251], "val_loss": [5.4937920570373535, 4.424940586090088, 3.911397695541382, 3.343256950378418, 3.0140836238861084], "val_accuracy": [0.4848000109195709, 0.49799999594688416, 0.47609999775886536, 0.5116999745368958, 0.5049999952316284]}